{
  "principalPoint": {
    "x": 1,
    "y": -0.6640625
  },
  "viewTransform": {
    "rows": [
      [
        0.7279992570567876,
        -0.6801673796204115,
        0.08596172069629743,
        -0.9835262758759535
      ],
      [
        0.19083243356676408,
        0.3214716990098568,
        0.9274906625053984,
        0.43926071704439174
      ],
      [
        -0.6584831539407457,
        -0.6588082288769769,
        0.3638291543296511,
        -10
      ],
      [
        0,
        0,
        0,
        1
      ]
    ]
  },
  "cameraTransform": {
    "rows": [
      [
        0.7279992570567877,
        0.19083243356676405,
        -0.6584831539407457,
        -5.952650332877797
      ],
      [
        -0.6801673796204115,
        0.3214716990098567,
        -0.6588082288769768,
        -7.398254667636686
      ],
      [
        0.08596172069629743,
        0.9274906625053984,
        0.3638291543296511,
        3.3154269408567307
      ],
      [
        0,
        0,
        0,
        1
      ]
    ]
  },
  "horizontalFieldOfView": 0.16810296606535935,
  "verticalFieldOfView": 0.11177797062057487,
  "vanishingPoints": [
    {
      "x": 14.122497064268682,
      "y": 2.7757734956729596
    },
    {
      "x": -11.254257487257723,
      "y": 5.12774271231627
    },
    {
      "x": -1.8043861927159557,
      "y": -30.92220515622477
    }
  ],
  "vanishingPointAxes": [
    "xPositive",
    "yPositive",
    "zPositive"
  ],
  "relativeFocalLength": 11.869439660408585,
  "imageWidth": 2048,
  "imageHeight": 1360
}