{
  "principalPoint": {
    "x": 0,
    "y": 0
  },
  "viewTransform": {
    "rows": [
      [
        0.14244903823582383,
        -0.9090215794260533,
        0.39164785157517656,
        0.07679876476523988
      ],
      [
        -0.011858381697940068,
        0.39408723722030226,
        0.9189965333142313,
        -0.02532788044959103
      ],
      [
        -0.9897310999908989,
        -0.13555448202782658,
        0.04535782306254653,
        -10
      ],
      [
        0,
        0,
        0,
        1
      ]
    ]
  },
  "cameraTransform": {
    "rows": [
      [
        0.1424490382358252,
        -0.011858381697940654,
        -0.9897310999908987,
        -9.908551257761465
      ],
      [
        -0.9090215794260538,
        0.39408723722030237,
        -0.1355544820278251,
        -1.2757516914023572
      ],
      [
        0.3916478515751767,
        0.9189965333142315,
        0.045357823062546536,
        0.4467763937309033
      ],
      [
        0,
        0,
        0,
        1
      ]
    ]
  },
  "horizontalFieldOfView": 0.748069965616333,
  "verticalFieldOfView": 0.5099588627565901,
  "vanishingPoints": [
    {
      "x": 0.36668137951244417,
      "y": -0.03052493589031663
    },
    {
      "x": -17.084680585004364,
      "y": 7.406704882393178
    },
    {
      "x": -21.99834953511788,
      "y": -51.61883789250796
    }
  ],
  "vanishingPointAxes": [
    "xPositive",
    "yPositive",
    "zPositive"
  ],
  "relativeFocalLength": 2.547689823572032,
  "imageWidth": 2048,
  "imageHeight": 1360
}